11,tony,tony@gmail.com
12,yogo,yogo@email.com
13,bombo,bombo@gmail.com
14,tobytoby,tobytoby@gmail.com
15,nextlevel,next.ca
16,thisis14,14@number.com
17,new after refactor,refactor@refactor.com
18,hello,hellothere@email.com
